{"cameraMode":{"drawMode":0,"name":"Shaded","section":"Shading Mode"},"sceneLighting":false,"audioPlay":false,"sceneViewState":{"m_AlwaysRefresh":false,"showFog":true,"showSkybox":false,"showFlares":true,"showImageEffects":true,"showParticleSystems":true,"showVisualEffectGraphs":true,"m_FxEnabled":true},"in2DMode":false,"pivot":{"x":18.396011352539064,"y":25.59641456604004,"z":-33.12729263305664},"rotation":{"x":0.10936237126588822,"y":-0.12046357244253159,"z":0.013353316113352776,"w":0.9865860342979431},"size":1.4282593727111817,"orthographic":true}