{"cameraMode":{"drawMode":0,"name":"Shaded","section":"Shading Mode"},"sceneLighting":false,"audioPlay":false,"sceneViewState":{"m_AlwaysRefresh":false,"showFog":true,"showSkybox":false,"showFlares":true,"showImageEffects":true,"showParticleSystems":true,"showVisualEffectGraphs":true,"m_FxEnabled":true},"in2DMode":false,"pivot":{"x":14.59000015258789,"y":1.870081901550293,"z":-3.5500001907348635},"rotation":{"x":0.001499391975812614,"y":0.02849612757563591,"z":-0.000042744362872326747,"w":0.9995932579040527},"size":1.4142136573791505,"orthographic":false}