{"cameraMode":{"drawMode":0,"name":"Shaded","section":"Shading Mode"},"sceneLighting":false,"audioPlay":false,"sceneViewState":{"m_AlwaysRefresh":false,"showFog":true,"showSkybox":false,"showFlares":true,"showImageEffects":true,"showParticleSystems":true,"showVisualEffectGraphs":true,"m_FxEnabled":true},"in2DMode":false,"pivot":{"x":-39.91267395019531,"y":31.449310302734376,"z":-39.56188201904297},"rotation":{"x":0.0044951229356229309,"y":0.04648272693157196,"z":-0.0002091784990625456,"w":0.9989091157913208},"size":1.4710280895233155,"orthographic":false}