{"cameraMode":{"drawMode":0,"name":"Shaded","section":"Shading Mode"},"sceneLighting":false,"audioPlay":false,"sceneViewState":{"m_AlwaysRefresh":false,"showFog":true,"showSkybox":false,"showFlares":true,"showImageEffects":true,"showParticleSystems":true,"showVisualEffectGraphs":true,"m_FxEnabled":true},"in2DMode":false,"pivot":{"x":-0.051934242248535159,"y":2.695040464401245,"z":27.837295532226564},"rotation":{"x":0.001499391975812614,"y":0.02849612757563591,"z":-0.000042744362872326747,"w":0.9995932579040527},"size":6.356822967529297,"orthographic":false}