{"cameraMode":{"drawMode":0,"name":"Shaded","section":"Shading Mode"},"sceneLighting":false,"audioPlay":false,"sceneViewState":{"m_AlwaysRefresh":false,"showFog":true,"showSkybox":false,"showFlares":true,"showImageEffects":true,"showParticleSystems":true,"showVisualEffectGraphs":true,"m_FxEnabled":true},"in2DMode":false,"pivot":{"x":-5.179999828338623,"y":16.118173599243165,"z":-12.008342742919922},"rotation":{"x":0.001499391975812614,"y":0.02849612757563591,"z":-0.000042744362872326747,"w":0.9995932579040527},"size":3.968367576599121,"orthographic":false}